{"_step":6,"Task":1,"Epoch":19,"Validation Acc":64,"_timestamp":1.742535837040282e+09,"_runtime":121.727841281,"_wandb":{"runtime":123}}