{"_timestamp":1.7424921441088538e+09,"_wandb":{"runtime":1243},"_runtime":1239.494642039,"_step":49,"Task":9,"Epoch":29,"Validation Acc":60.959999999999994}