{"Validation Acc":59.86999999999999,"_timestamp":1.742423960772532e+09,"_runtime":1774.425194795,"_wandb":{"runtime":1794},"_step":49,"Task":9,"Epoch":29}