{"Epoch":29,"Validation Acc":71.8,"_wandb":{"runtime":46},"_timestamp":1.7424889644816456e+09,"_runtime":44.765470363,"_step":4,"Task":0}