{"_runtime":1405.35778172,"_wandb":{"runtime":1418},"_step":49,"Task":9,"Epoch":29,"Validation Acc":57.64,"_timestamp":1.7424188068599303e+09}