{"_runtime":1001.328850988,"_step":49,"Task":9,"Epoch":29,"_wandb":{"runtime":1007},"Validation Acc":49.059999999999995,"_timestamp":1.7422655824020894e+09}