{"Task":9,"Epoch":29,"Validation Acc":61.67999999999999,"_timestamp":1.7424919991299512e+09,"_runtime":1278.257312155,"_step":49,"_wandb":{"runtime":1284}}