{"_wandb":{"runtime":1859},"_runtime":1844.611286282,"_step":49,"Task":9,"Epoch":29,"Validation Acc":56.35,"_timestamp":1.7422678667941918e+09}