{"_step":49,"_wandb":{"runtime":613},"Task":9,"Epoch":29,"Validation Acc":67.54,"_timestamp":1.7421554364978604e+09,"_runtime":601.728555405}