{"Validation Acc":62.599999999999994,"_timestamp":1.7424867464458046e+09,"_runtime":803.390172809,"_step":14,"_wandb":{"runtime":888},"Task":2,"Epoch":29}