{"_wandb":{"runtime":1837},"Task":2,"Epoch":29,"Validation Acc":63.06666666666666,"_timestamp":1.7424260817071116e+09,"_runtime":1577.723987868,"_step":14}