{"_wandb":{"runtime":1294},"Validation Acc":61.629999999999995,"_timestamp":1.7424920520145814e+09,"_runtime":1289.487131598,"_step":49,"Task":9,"Epoch":29}