{"_wandb":{"runtime":1865},"_timestamp":1.7422679329544415e+09,"_runtime":1851.822900644,"_step":49,"Task":9,"Epoch":29,"Validation Acc":62.089999999999996}