{"Task":7,"Epoch":23,"Validation Acc":45.83749999999999,"_wandb":{"runtime":657},"_timestamp":1.7424221774234035e+09,"_runtime":655.472394546,"_step":38}