{"Epoch":5,"Validation Acc":60.6,"_wandb":{"runtime":19},"_timestamp":1.7424900820628362e+09,"_runtime":13.972833064,"_step":0,"Task":0}