{"_step":11,"Task":2,"Epoch":11,"Validation Acc":58.86666666666667,"_wandb":{"runtime":146},"_timestamp":1.7424902806121798e+09,"_runtime":137.631888285}