{"_wandb":{"runtime":115},"_step":9,"Task":1,"Epoch":29,"Validation Acc":64.05,"_timestamp":1.7424931505504375e+09,"_runtime":115.249212299}