{"_timestamp":1.742536606185412e+09,"_runtime":1378.937903005,"_step":49,"_wandb":{"runtime":1383},"Task":9,"Epoch":49,"Validation Acc":56.46999999999999}