{"_timestamp":1.7424901177526414e+09,"_runtime":20.843674683,"_step":6,"Task":1,"_wandb":{"runtime":22},"Epoch":1,"Validation Acc":46.95}