{"_timestamp":1.7424917607449157e+09,"_runtime":58.11156021,"_step":3,"_wandb":{"runtime":61},"Task":0,"Epoch":23,"Validation Acc":10}