{"Epoch":29,"_wandb":{"runtime":982},"Validation Acc":59.28000000000001,"_timestamp":1.7424912734496505e+09,"_runtime":975.897502051,"_step":49,"Task":9}