{"_runtime":785.77254733,"_step":49,"Task":9,"_wandb":{"runtime":789},"Epoch":29,"Validation Acc":59.910000000000004,"_timestamp":1.7424926560681908e+09}