{"_wandb":{"runtime":1118},"Task":4,"Epoch":5,"Validation Acc":61.34000000000001,"_timestamp":1.742424465904997e+09,"_runtime":1087.243661287,"_step":20}