{"_runtime":1263.339930279,"_step":49,"_wandb":{"runtime":1269},"Task":9,"Epoch":29,"Validation Acc":62,"_timestamp":1.7424919972721822e+09}