{"Train Loss":2.664105054473877,"Epoch":29,"Train Acc":54.4,"Val Acc (current task)":56.2,"_wandb":{"runtime":970},"_step":49,"_timestamp":1.742414658806685e+09,"_runtime":966.684932293,"Task":9}