{"_runtime":1843.965051392,"_step":49,"_wandb":{"runtime":1857},"Task":9,"Epoch":29,"Validation Acc":56.35,"_timestamp":1.742268032808836e+09}