{"Task":9,"Epoch":29,"Validation Acc":63.76000000000001,"_timestamp":1.7421768133482924e+09,"_runtime":6190.215556001,"_wandb":{"runtime":6193},"_step":49}