{"Epoch":29,"Validation Acc":58.09000000000001,"_timestamp":1.742248273382785e+09,"_runtime":798.706139345,"_step":49,"_wandb":{"runtime":802},"Task":9}