{"_step":49,"Task":9,"Epoch":29,"_wandb":{"runtime":6040},"Validation Acc":62.370000000000005,"_timestamp":1.7421608756718266e+09,"_runtime":6036.485001203}