{"_step":4,"Task":0,"Epoch":4,"Validation Acc":7.9,"_timestamp":1.742489837851076e+09,"_runtime":14.161070988,"_wandb":{"runtime":15}}