{"_step":49,"Task":9,"_wandb":{"runtime":653},"Epoch":29,"Validation Acc":67.46000000000001,"_timestamp":1.7421711904670799e+09,"_runtime":638.577796034}