{"_timestamp":1.742155981629892e+09,"_runtime":458.797612104,"_step":49,"_wandb":{"runtime":461},"Task":9,"Epoch":29,"Validation Acc":59.06}